path,id,time,title,author
2023/01/i-appear-on-the-jolly-swagman-podcast,85026,2023-01-01T00:05:35Z,I appear on the Jolly Swagman podcast,Tyler Cowen
2023/01/what-ive-been-reading-232,84893,2023-01-01T03:08:20Z,What I've been reading,Tyler Cowen
2023/01/a-new-paper-on-the-industrial-revolution,85031,2023-01-01T13:13:31Z,A new paper on the Industrial Revolution,Tyler Cowen
2023/01/sunday-assorted-links-399,85025,2023-01-01T15:16:02Z,Sunday assorted links,Tyler Cowen
2023/01/lead-and-violence-all-the-evidence,85021,2023-01-02T01:20:12Z,Lead and violence: all the evidence,Tyler Cowen
2023/01/does-angi-recommend-occupational-licensing,85028,2023-01-02T07:23:17Z,Does Angi Recommend Occupational Licensing?,Alex Tabarrok
2023/01/alas-bennett-mccallum-has-passed-away,85034,2023-01-02T08:19:01Z,"Alas, Bennett McCallum has passed away",Tyler Cowen
2023/01/kindle-sale-for-talent,85035,2023-01-02T11:25:27Z,Kindle sale for *Talent*,Tyler Cowen
2023/01/monday-assorted-links-387,85033,2023-01-02T11:56:44Z,Monday assorted links,Tyler Cowen
2023/01/wealth-across-the-generations,85036,2023-01-02T16:34:58Z,Wealth across the generations,Tyler Cowen
2023/01/retrospective-look-at-rapid-covid-testing,84958,2023-01-03T00:27:04Z,Retrospective look at rapid Covid testing,Tyler Cowen
2023/01/what-should-i-ask-glenn-loury,85038,2023-01-03T02:43:43Z,What should I ask Glenn Loury?,Tyler Cowen
2023/01/why-do-so-many-prices-end-with-99-cents,85018,2023-01-03T09:58:37Z,Why do so many prices end with 99 cents?,Tyler Cowen
2023/01/tuesday-assorted-links-397,85037,2023-01-03T12:27:46Z,Tuesday assorted links,Tyler Cowen
2023/01/beware-the-dangers-of-crypto-regulation,85044,2023-01-04T00:16:57Z,Beware the dangers of crypto regulation,Tyler Cowen
2023/01/my-reading-program-for-the-year-to-come,85042,2023-01-04T03:03:32Z,My reading program for the half-year to come,Tyler Cowen
2023/01/privatization-improves-airports,85040,2023-01-04T07:23:50Z,Privatization Improves Airports,Alex Tabarrok
2023/01/wednesday-assorted-links-382,85045,2023-01-04T13:19:39Z,Wednesday assorted links,Tyler Cowen
2023/01/rise,85046,2023-01-04T15:51:35Z,*Rise*,Tyler Cowen
2023/01/what-is-going-wrong-with-american-higher-education,85049,2023-01-05T00:49:07Z,What is going wrong with American higher education?,Tyler Cowen
2023/01/are-scientific-breakthroughs-less-fundamental,85050,2023-01-05T02:54:42Z,Are scientific breakthroughs less fundamental?,Tyler Cowen
2023/01/is-america-suffering-a-social-recession,85047,2023-01-05T07:25:09Z,Is America suffering a 'social recession'?,Alex Tabarrok
2023/01/shruti-rajagopalan-and-janhavi-nilekani-podcast,85054,2023-01-05T09:25:38Z,Shruti Rajagopalan and Janhavi Nilekani podcast,Tyler Cowen
2023/01/thursday-assorted-links-386,85048,2023-01-05T13:14:36Z,Thursday assorted links,Tyler Cowen
2023/01/david-wallace-wells-on-the-pandemic,85051,2023-01-06T00:41:25Z,David Wallace-Wells on the pandemic,Tyler Cowen
2023/01/chatgpt-and-the-revenge-of-history,85055,2023-01-06T02:47:04Z,ChatGPT and the revenge of history,Tyler Cowen
2023/01/herbert-gintis-has-passed-away-rip,85058,2023-01-06T08:32:17Z,"Herbert Gintis has passed away, RIP",Tyler Cowen
2023/01/friday-assorted-links-399,85052,2023-01-06T11:56:06Z,Friday assorted links,Tyler Cowen
2023/01/what-should-i-ask-noam-dworman,85060,2023-01-06T14:22:25Z,What should I ask Noam Dworman?,Tyler Cowen
2023/01/how-long-does-a-roman-emperor-last-for,85061,2023-01-07T00:46:10Z,How long does a Roman emperor last for?,Tyler Cowen
2023/01/gpt-and-my-own-career-trajectory,85062,2023-01-07T02:36:36Z,GPT and my own career trajectory,Tyler Cowen
2023/01/saturday-assorted-links-389,85059,2023-01-07T12:20:56Z,Saturday assorted links,Tyler Cowen
2023/01/ngi-hamba-mabuse,85032,2023-01-07T14:56:06Z,Ngi Hamba Mabuse,Tyler Cowen
2023/01/unveiling-the-price-of-obscenity,85065,2023-01-08T00:14:56Z,"""Unveiling the Price of Obscenity""",Tyler Cowen
2023/01/nathan-labenz-on-ai-pricing,85067,2023-01-08T01:46:21Z,Nathan Labenz on AI pricing,Tyler Cowen
2023/01/do-pay-transparency-laws-raise-wages,85068,2023-01-08T13:02:49Z,Do pay transparency laws raise wages?,Tyler Cowen
2023/01/sunday-assorted-links-400,85066,2023-01-08T16:09:57Z,Sunday assorted links,Tyler Cowen
2023/01/what-is-the-optimum-degree-of-llm-hallucination,85070,2023-01-09T01:17:19Z,What is an optimum degree of LLM hallucination?,Tyler Cowen
2023/01/the-extreme-shortage-of-high-iq-workers,85002,2023-01-09T07:22:59Z,The Extreme Shortage of High IQ Workers,Alex Tabarrok
2023/01/monday-assorted-links-388,85072,2023-01-09T12:12:22Z,Monday assorted links,Tyler Cowen
2023/01/where-are-all-the-workers,85075,2023-01-09T13:45:50Z,Where are all the workers?,Tyler Cowen
2023/01/what-should-i-ask-rick-rubin,85078,2023-01-09T16:14:27Z,What should I ask Rick Rubin?,Tyler Cowen
2023/01/how-much-did-pre-aca-medicaid-expansions-matter,85077,2023-01-10T01:04:36Z,How much did pre-ACA Medicaid expansions matter?,Tyler Cowen
2023/01/why-did-the-gender-wage-gap-stop-narrowing,85076,2023-01-10T03:01:32Z,Why did the gender wage gap stop narrowing?,Tyler Cowen
2023/01/tuesday-assorted-links-398,85079,2023-01-10T12:14:16Z,Tuesday assorted links,Tyler Cowen
2023/01/what-we-know-about-road-deaths-during-the-pandemic,85080,2023-01-10T15:04:06Z,What we know about road deaths during the pandemic,Tyler Cowen
2023/01/j-barkley-rosser-rip,85084,2023-01-10T20:37:03Z,"J. Barkley Rosser, RIP",Tyler Cowen
2023/01/do-markets-expect-unaligned-agi-risk,85082,2023-01-11T00:24:41Z,Do markets expect unaligned AGI risk?,Tyler Cowen
2023/01/my-chinatalk-podcast-with-jordan-schneider,85085,2023-01-11T03:11:49Z,My ChinaTalk podcast with Jordan Schneider,Tyler Cowen
2023/01/testing-freedom-2,85083,2023-01-11T07:24:06Z,Testing Freedom,Alex Tabarrok
2023/01/wednesday-assorted-links-383,85081,2023-01-11T12:34:39Z,Wednesday assorted links,Tyler Cowen
2023/01/the-economics-of-why-noma-is-closing,85087,2023-01-11T14:36:06Z,The economics of why Noma is closing,Tyler Cowen
2023/01/my-excellent-conversation-with-katherine-rundell,85091,2023-01-12T00:34:27Z,My excellent Conversation with Katherine Rundell,Tyler Cowen
2023/01/powell-the-fed-is-independent-but-for-that-reason-must-be-limited,85092,2023-01-12T07:25:13Z,Powell: The Fed is Independent but for that Reason Must be Limited,Alex Tabarrok
2023/01/thursday-assorted-links-387,85086,2023-01-12T11:42:22Z,Thursday assorted links,Tyler Cowen
2023/01/my-st-andrews-talk-on-effective-altruism,85098,2023-01-12T12:51:51Z,My St. Andrews talk on Effective Altruism,Tyler Cowen
2023/01/the-economics-of-non-competes,85099,2023-01-12T15:21:27Z,The economics of non-competes,Tyler Cowen
2023/01/ryan-bourne-reports-from-the-aea-meetings,85096,2023-01-13T00:20:36Z,Ryan Bourne reports from the AEA meetings,Tyler Cowen
2023/01/ask-the-beast,85097,2023-01-13T02:40:32Z,Ask the beast,Tyler Cowen
2023/01/friday-assorted-links-400,85094,2023-01-13T11:59:33Z,Friday assorted links,Tyler Cowen
2023/01/the-pile-of-talent-test,85102,2023-01-13T14:19:05Z,The Pile of Talent test,Tyler Cowen
2023/01/should-we-now-conclude-that-the-euro-is-just-fine,85103,2023-01-14T01:14:59Z,Should we now conclude that the euro is just fine?,Tyler Cowen
2023/01/saturday-assorted-links-390,85101,2023-01-14T02:33:57Z,Saturday assorted links,Tyler Cowen
2023/01/why-i-think-graduate-programs-should-keep-macro-in-the-first-year-sequence,85106,2023-01-14T12:50:46Z,Why I think graduate programs should keep macro in the first-year sequence,Tyler Cowen
2023/01/sprouting-cities-how-rural-america-industrialized,85107,2023-01-14T16:03:31Z,Sprouting Cities: How Rural America Industrialized,Tyler Cowen
2023/01/the-kural,85109,2023-01-15T00:23:19Z,*The Kural*,Tyler Cowen
2023/01/the-major-revolutions-i-have-seen-in-my-lifetime,85111,2023-01-15T02:44:03Z,The major revolutions I have seen in my lifetime,Tyler Cowen
2023/01/unexpected-inflation-and-the-redistribution-of-wealth,85090,2023-01-15T07:25:36Z,Unexpected Inflation and the Redistribution of Wealth,Alex Tabarrok
2023/01/sunday-assorted-links-401,85108,2023-01-15T12:47:21Z,Sunday assorted links,Tyler Cowen
2023/01/the-differential-impact-of-gpt,85113,2023-01-15T12:58:08Z,The differential impact of GPT?,Tyler Cowen
2023/01/biometrics-will-become-more-important,85039,2023-01-16T01:18:46Z,Biometrics will become more important,Tyler Cowen
2023/01/dominant-assurance-contracts-for-book-reviews-and-blog-posts,85119,2023-01-16T07:25:45Z,Dominant Assurance Contracts for Book Reviews and Blog Posts,Alex Tabarrok
2023/01/ft-profile-of-me,85121,2023-01-16T10:01:59Z,FT profile of me,Tyler Cowen
2023/01/the-decline-of-religion-and-the-rise-of-deaths-of-despair,85122,2023-01-16T11:41:20Z,"The decline of religion, and the rise of deaths of despair",Tyler Cowen
2023/01/monday-assorted-links-389,85120,2023-01-16T14:56:57Z,Monday assorted links,Tyler Cowen
2023/01/why-has-construction-productivity-been-falling,85123,2023-01-17T00:43:17Z,Why has construction productivity been falling?,Tyler Cowen
2023/01/is-crypto-now-underrated,85125,2023-01-17T02:38:44Z,Is crypto now underrated?,Tyler Cowen
2023/01/is-it-possible-to-prepare-for-a-pandemic,85013,2023-01-17T07:23:21Z,Is it Possible to Prepare for a Pandemic?,Alex Tabarrok
2023/01/tuesday-assorted-links-399,85124,2023-01-17T12:47:25Z,Tuesday assorted links,Tyler Cowen
2023/01/what-ive-been-reading-233,85064,2023-01-18T00:44:45Z,What I've been reading,Tyler Cowen
2023/01/ai-passes-law-and-economics-exam,85118,2023-01-18T07:25:43Z,AI Claude Passes Law and Economics Exam,Alex Tabarrok
2023/01/wednesday-assorted-links-384,85131,2023-01-18T11:48:20Z,Wednesday assorted links,Tyler Cowen
2023/01/the-wisdom-of-alex-tabarrok-2,85136,2023-01-18T14:15:11Z,The wisdom of Alex Tabarrok,Tyler Cowen
2023/01/my-conversation-with-the-excellent-rick-rubin,85140,2023-01-19T00:10:05Z,My Conversation with the excellent Rick Rubin,Tyler Cowen
2023/01/when-the-heavens-went-on-sale-the-misfits-and-geniuses-racing-to-put-space-within-reach,85138,2023-01-19T02:43:04Z,*When the Heavens Went on Sale: The Misfits and Geniuses Racing to Put Space Within Reach*,Tyler Cowen
2023/01/the-profits-of-recycling,85116,2023-01-19T07:24:13Z,The Profits of Recycling,Alex Tabarrok
2023/01/thursday-assorted-links-388,85137,2023-01-19T12:22:57Z,Thursday assorted links,Tyler Cowen
2023/01/google-books-on-steroids,85133,2023-01-19T14:00:00Z,Google Books on steroids?,Tyler Cowen
2023/01/masaaki-suzuki-a-great-achiever-of-our-time,85144,2023-01-20T00:55:19Z,"Masaaki Suzuki, a great achiever of our time",Tyler Cowen
2023/01/power-failure-the-rise-and-fall-of-general-electric,85146,2023-01-20T03:07:56Z,*Power Failure: The rise and fall of General Electric*,Tyler Cowen
2023/01/novels-as-models-and-chatgpt,85053,2023-01-20T11:32:06Z,"Novels as models, and ChatGPT",Tyler Cowen
2023/01/friday-assorted-links-401,85147,2023-01-20T12:08:26Z,Friday assorted links,Tyler Cowen
2023/01/is-the-nhs-the-uks-biggest-problem,85100,2023-01-21T00:49:48Z,Is the NHS the UK's biggest problem?,Tyler Cowen
2023/01/protecting-against-nuclear-war,85148,2023-01-21T04:24:48Z,Protecting against nuclear war,Tyler Cowen
2023/01/hobo-economicus-2,85150,2023-01-21T12:21:36Z,Hobo Economicus,Tyler Cowen
2023/01/sunday-assorted-links-402,85149,2023-01-21T15:26:04Z,Saturday assorted links,Tyler Cowen
2023/01/the-game-theory-of-geoengineering,85151,2023-01-22T00:46:39Z,The game theory of geoengineering,Tyler Cowen
2023/01/those-new-dubai-service-sector-jobs,85152,2023-01-22T02:59:48Z,Those new Dubai service sector jobs,Tyler Cowen
2023/01/now-thats-inflation,85155,2023-01-22T07:25:06Z,Now that's Inflation!,Alex Tabarrok
2023/01/gender-competition-and-performance-evidence-from-chess-players,85154,2023-01-22T11:29:07Z,"Gender, competition, and performance: Evidence from chess players",Tyler Cowen
2023/01/sunday-assorted-links-403,85153,2023-01-22T15:01:04Z,Sunday assorted links,Tyler Cowen
2023/01/tyrone-cheers-up-tim-harford,85157,2023-01-23T01:21:40Z,Tyrone cheers up Tim Harford,Tyler Cowen
2023/01/will-chinese-llms-be-much-worse,85160,2023-01-23T09:57:28Z,Will Chinese LLMs be much worse?,Tyler Cowen
2023/01/monday-assorted-links-390,85158,2023-01-23T12:39:50Z,Monday assorted links,Tyler Cowen
2023/01/the-truth-detective,85165,2023-01-23T16:32:46Z,*The Truth Detective*,Tyler Cowen
2023/01/ethnic-remoteness-reduces-the-peace-dividend-from-trade-access,85161,2023-01-24T00:42:12Z,Ethnic Remoteness Reduces the Peace Dividend from Trade Access,Tyler Cowen
2023/01/gender-and-tone-in-recorded-economics-presentations,85166,2023-01-24T02:52:33Z,Gender and tone in recorded economics presentations,Tyler Cowen
2023/01/tuesday-assorted-links-400,85164,2023-01-24T12:14:37Z,Tuesday assorted links,Tyler Cowen
2023/01/on-censorship-of-llm-models-from-the-comments,85163,2023-01-24T14:49:38Z,"On censorship of LLM models, from the comments",Tyler Cowen
2023/01/ai-is-improving-faster-than-most-humans-realize,85168,2023-01-25T00:45:05Z,AI Is Improving Faster Than Most Humans Realize,Tyler Cowen
2023/01/who-is-locally-influential-these-days,85167,2023-01-25T02:39:26Z,Who is locally influential these days?,Tyler Cowen
2023/01/national-average-is-over,85169,2023-01-25T11:55:00Z,National Average is Over,Tyler Cowen
2023/01/alas-paul-david-has-passed-away-rip,85173,2023-01-25T13:01:58Z,"Alas Paul David has passed away, RIP",Tyler Cowen
2023/01/wednesday-assorted-links-385,85170,2023-01-25T14:22:42Z,Wednesday assorted links,Tyler Cowen
2023/01/my-excellent-conversation-with-paul-salopek,85176,2023-01-26T00:58:35Z,My excellent Conversation with Paul Salopek,Tyler Cowen
2023/01/a-chatbot-for-my-talent-book-with-daniel-gross,85177,2023-01-26T03:01:34Z,A Chatbot for my Talent book with Daniel Gross,Tyler Cowen
2023/01/the-great-british-stagnation,85178,2023-01-26T07:25:18Z,The Great (British) Stagnation,Alex Tabarrok
2023/01/thursday-assorted-links-389,85175,2023-01-26T12:41:29Z,Thursday assorted links,Tyler Cowen
2023/01/erika-fatlands-high,85181,2023-01-26T15:18:17Z,Erika Fatland's *High*,Tyler Cowen
2023/01/are-macroeconomic-models-true-only-locally,85179,2023-01-27T00:34:32Z,"Are macroeconomic models true only ""locally""?",Tyler Cowen
2023/01/what-should-i-ask-jess-wade,85187,2023-01-27T03:24:18Z,What should I ask Jess Wade?,Tyler Cowen
2023/01/indoor-air-quality-and-learning,85172,2023-01-27T07:25:14Z,Indoor Air Quality and Learning,Alex Tabarrok
2023/01/the-medical-culture-that-is-britain,85184,2023-01-27T11:49:03Z,The medical culture that is Britain,Tyler Cowen
2023/01/friday-assorted-links-402,85183,2023-01-27T12:26:28Z,Friday assorted links,Tyler Cowen
2023/01/the-educational-culture-that-is-new-jersey,85192,2023-01-27T20:01:25Z,The educational culture that is New Jersey,Tyler Cowen
2023/01/the-voice-of-monetary-policy,85189,2023-01-28T01:08:08Z,The voice of monetary policy,Tyler Cowen
2023/01/text-to-4d-dynamic-scene-generation,85193,2023-01-28T02:16:46Z,Text-to-4D dynamic scene generation,Tyler Cowen
2023/01/saturday-assorted-links-391,85191,2023-01-28T09:46:20Z,Saturday assorted links,Tyler Cowen
2023/01/professor-of-apocalypse-the-many-lives-of-jacob-taubes,85195,2023-01-28T14:05:23Z,*Professor of Apocalypse: The Many Lives of Jacob Taubes*,Tyler Cowen
2023/01/medical-markets-in-everything-2,85197,2023-01-29T00:13:12Z,Medical markets in everything?,Tyler Cowen
2023/01/okie-dokie-crypto-based-fiscal-policy-edition,85198,2023-01-29T03:29:00Z,"Okie-dokie, crypto-based fiscal policy edition",Tyler Cowen
2023/01/the-israeli-attack-on-iran-possibly-on-nuclear-facilities-and-drone-factories,85201,2023-01-29T07:54:31Z,"The Israeli attack on Iran, possibly on nuclear facilities and drone factories",Tyler Cowen
2023/01/sunday-assorted-links-404,85196,2023-01-29T12:21:11Z,Sunday assorted links,Tyler Cowen
2023/01/a-possible-health-surveillance-breakthrough,85185,2023-01-30T01:01:45Z,A possible health surveillance breakthrough,Tyler Cowen
2023/01/this-is-actually-quite-a-common-attitude-toward-science,85174,2023-01-30T05:03:14Z,This is actually quite a common attitude toward science,Tyler Cowen
2023/01/monday-assorted-links-391,85204,2023-01-30T11:32:39Z,Monday assorted links,Tyler Cowen
2023/01/commercial-applications-for-chatgpt,85206,2023-01-30T13:13:42Z,Commercial applications for ChatGPT,Tyler Cowen
2023/01/did-the-covid-housing-boom-induce-the-great-resignation,85203,2023-01-30T14:38:41Z,Did the Covid housing boom induce the Great Resignation?,Tyler Cowen
2023/01/alex-epsteins-fossil-future,85199,2023-01-31T00:15:19Z,Alex Epstein's *Fossil Future*,Tyler Cowen
2023/01/fewer-visitors,85211,2023-01-31T07:24:55Z,Fewer Visitors to the US,Alex Tabarrok
2023/01/tuesday-assorted-links-401,85209,2023-01-31T11:57:40Z,Tuesday assorted links,Tyler Cowen
2023/01/signs-of-encroaching-gpt-dom,85202,2023-01-31T13:50:45Z,Signs of encroaching mental GPT-dom,Tyler Cowen
2023/02/the-canine-model-of-agi,85210,2023-02-01T00:32:23Z,The canine model of AGI,Tyler Cowen
2023/02/staking-income-should-not-be-taxed,85216,2023-02-01T07:25:17Z,"Staking ""Income"" Should Not be Taxed",Alex Tabarrok
2023/02/wednesday-assorted-links-386,85214,2023-02-01T11:37:19Z,Wednesday assorted links,Tyler Cowen
2023/02/why-was-i-bored-by-the-twitter-files,85220,2023-02-01T12:53:25Z,Why was I bored by the Twitter files?,Tyler Cowen
2023/02/recent-economic-development-stars,85194,2023-02-01T14:26:08Z,Recent economic development stars,Tyler Cowen
2023/02/that-was-then-this-is-now-41,85223,2023-02-01T17:31:14Z,"That was then, this is now",Tyler Cowen
2023/02/is-there-any-reheating-scenario,85221,2023-02-02T01:00:45Z,Is there any reheating scenario?,Tyler Cowen
2023/02/empire-incorporated,85218,2023-02-02T02:39:45Z,"*Empire, Incorporated*",Tyler Cowen
2023/02/thursday-assorted-links-390,85222,2023-02-02T11:37:50Z,Thursday assorted links,Tyler Cowen
2023/02/prophets-of-the-marginal-revolution-chess-edition,85225,2023-02-02T13:47:54Z,"Prophets of the Marginal Revolution, chess edition",Tyler Cowen
2023/02/where-will-the-impact-of-chatgpt-fall-from-my-email,85229,2023-02-03T00:18:19Z,Where will the impact of ChatGPT fall? (from my email),Tyler Cowen
2023/02/rasheed-griffith-on-the-need-for-a-caribbean-think-tank,85230,2023-02-03T02:37:50Z,Rasheed Griffith on the need for a Caribbean think tank,Tyler Cowen
2023/02/real-return-bonds-not-a-loony-idea,85232,2023-02-03T07:29:08Z,Real Return Bonds-Not a Loony Idea,Alex Tabarrok
2023/02/what-should-i-ask-noam-chomsky,85234,2023-02-03T11:19:05Z,What should I ask Noam Chomsky?,Tyler Cowen
2023/02/friday-assorted-links-403,85233,2023-02-03T12:49:15Z,Friday assorted links,Tyler Cowen
2023/02/the-plateauing-of-cognitive-ability-among-top-earners,85235,2023-02-04T00:32:47Z,The plateauing of cognitive ability among top earners,Tyler Cowen
2023/02/industrial-policy-is-the-new-globalization,85237,2023-02-04T02:38:25Z,Industrial policy is the new globalization,Tyler Cowen
2023/02/saturday-assorted-links-392,85236,2023-02-04T12:25:43Z,Saturday assorted links,Tyler Cowen
2023/02/will-there-by-an-h5n1-pandemic-for-humans,85239,2023-02-04T17:45:31Z,Will there by an H5N1 pandemic for humans?,Tyler Cowen
2023/02/the-final-collapse-of-capm,85240,2023-02-05T01:10:17Z,The final collapse of CAPM?,Tyler Cowen
2023/02/haiti-fact-of-the-day-7,85241,2023-02-05T02:59:21Z,Haiti fact of the day,Tyler Cowen
2023/02/sunday-assorted-links-405,85238,2023-02-05T11:13:53Z,Sunday assorted links,Tyler Cowen
2023/02/what-should-i-ask-anna-keay,85249,2023-02-05T15:59:12Z,What should I ask Anna Keay?,Tyler Cowen
2023/02/the-game-theory-of-the-balloons,85250,2023-02-06T00:53:46Z,The game theory of the balloons,Tyler Cowen
2023/02/klein-on-construction,85243,2023-02-06T07:25:10Z,Klein on Construction,Alex Tabarrok
2023/02/yglesias-on-operation-warp-speed-and-the-republicans,85244,2023-02-06T07:28:40Z,Yglesias on Operation Warp Speed and the Republicans,Alex Tabarrok
2023/02/monday-assorted-links-392,85246,2023-02-06T12:50:37Z,Monday assorted links,Tyler Cowen
2023/02/chatgpt-and-reading-in-clusters,85251,2023-02-06T16:15:13Z,ChatGPT and reading in clusters,Tyler Cowen
2023/02/llms-and-censorship,85242,2023-02-07T01:01:31Z,LLMs and censorship,Tyler Cowen
2023/02/surely-right,85252,2023-02-07T07:25:21Z,Surely Right,Alex Tabarrok
2023/02/cinematic-markets-in-everything,85254,2023-02-07T12:07:54Z,Cinematic markets in everything,Tyler Cowen
2023/02/tuesday-assorted-links-402,85253,2023-02-07T14:19:45Z,Tuesday assorted links,Tyler Cowen
2023/02/the-evolution-of-chatgpt,85258,2023-02-07T18:21:26Z,The evolution of ChatGPT,Tyler Cowen
2023/02/why-do-companies-go-woke,85256,2023-02-08T00:30:45Z,Why do companies go Woke?,Tyler Cowen
2023/02/the-time-travelling-economist,85257,2023-02-08T02:02:20Z,*The Time Travelling Economist*,Tyler Cowen
2023/02/wednesday-assorted-links-387,85255,2023-02-08T12:36:01Z,Wednesday assorted links,Tyler Cowen
2023/02/russia-fact-of-the-day-9,85261,2023-02-08T15:25:11Z,Russia fact of the day,Tyler Cowen
2023/02/pegylated-interferon-lambda,85265,2023-02-08T20:04:21Z,Pegylated interferon lambda,Tyler Cowen
2023/02/my-conversation-with-glenn-loury,85263,2023-02-09T01:09:31Z,My Conversation with Glenn Loury,Tyler Cowen
2023/02/richard-hanania-on-agi-risk,85260,2023-02-09T02:43:34Z,Richard Hanania on AGI risk,Tyler Cowen
2023/02/thursday-assorted-links-391,85262,2023-02-09T12:07:00Z,Thursday assorted links,Tyler Cowen
2023/02/how-should-you-talk-to-chatgpt-a-users-guide,85264,2023-02-09T14:25:45Z,How should you talk to ChatGPT? A User's Guide,Tyler Cowen
2023/02/how-to-tip-more-effectively,85268,2023-02-10T00:12:15Z,How to tip more effectively,Tyler Cowen
2023/02/a-new-and-possibly-important-paper,85269,2023-02-10T02:15:27Z,A new and possibly important paper,Tyler Cowen
2023/02/friday-assorted-links-404,85267,2023-02-10T11:41:05Z,Friday assorted links,Tyler Cowen
2023/02/i-never-knew-this-was-a-bacharach-david-song,85275,2023-02-10T14:21:31Z,I never knew this was a Bacharach-David song,Tyler Cowen
2023/02/new-facts-about-the-game-theory-of-balloons,85277,2023-02-10T22:27:43Z,New facts about the game theory of balloons,Tyler Cowen
2023/02/my-science-remarks-at-the-aei-metascience-forum,85271,2023-02-11T01:06:13Z,My science remarks at the AEI metascience forum,Tyler Cowen
2023/02/trapped-in-anti-racist-hell,85276,2023-02-11T07:32:39Z,Trapped in Anti-Racist Hell,Alex Tabarrok
2023/02/saturday-assorted-links-393,85274,2023-02-11T12:23:17Z,Saturday assorted links,Tyler Cowen
2023/02/russia-fact-of-the-day-10,85278,2023-02-11T14:54:28Z,Russia fact of the day,Tyler Cowen
2023/02/what-ive-been-reading-234,85231,2023-02-12T01:32:48Z,What I've been reading,Tyler Cowen
2023/02/tap-the-yellowstone-supervolcano,85273,2023-02-12T07:25:58Z,Tap the Yellowstone Super-volcano!,Alex Tabarrok
2023/02/shooting-down-intruders,85279,2023-02-12T08:05:43Z,Shooting down intruders?,Tyler Cowen
2023/02/sunday-assorted-links-406,85280,2023-02-12T11:29:21Z,Sunday assorted links,Tyler Cowen
2023/02/the-trajectory-of-esg,85287,2023-02-12T15:48:19Z,The trajectory of ESG,Tyler Cowen
2023/02/okie-dokie,85288,2023-02-12T19:54:59Z,Okie-dokie,Tyler Cowen
2023/02/the-guest-lecture,85289,2023-02-13T00:51:48Z,*The Guest Lecture*,Tyler Cowen
2023/02/the-underrated-story-of-2023,85290,2023-02-13T02:01:25Z,The underrated story of 2023,Tyler Cowen
2023/02/cheating-teachers,85281,2023-02-13T07:25:04Z,Cheating Teachers,Alex Tabarrok
2023/02/monday-assorted-links-393,85286,2023-02-13T12:04:56Z,Monday assorted links,Tyler Cowen
2023/02/sentences-to-ponder-122,85291,2023-02-13T14:09:37Z,Sentences to ponder,Tyler Cowen
2023/02/language-models-and-cognitive-automation-for-economic-research,85293,2023-02-14T01:05:26Z,Language Models and Cognitive Automation for Economic Research,Tyler Cowen
2023/02/should-we-pay-mothers-to-stay-home,85295,2023-02-14T02:54:32Z,Should we pay mothers to stay home?,Tyler Cowen
2023/02/why-is-transit-construction-in-the-us-so-expensive,85294,2023-02-14T07:23:28Z,Why Is Transit Construction in the US so Expensive?,Alex Tabarrok
2023/02/tuesday-assorted-links-403,85292,2023-02-14T12:21:12Z,Tuesday assorted links,Tyler Cowen
2023/02/agi-risk-and-austrian-subjectivism,85297,2023-02-14T13:44:12Z,AGI risk and Austrian subjectivism,Tyler Cowen
2023/02/robin-hansons-overcoming-bias-blog-is-now-on-substack,85300,2023-02-14T21:49:05Z,Robin Hanson's Overcoming Bias blog is now on Substack,Tyler Cowen
2023/02/some-reservations-about-a-land-tax,85299,2023-02-15T00:37:36Z,Some reservations about a land tax,Tyler Cowen
2023/02/on-a-land-tax-from-the-comments,85301,2023-02-15T08:22:08Z,"On a land tax, from the comments",Tyler Cowen
2023/02/from-bing-to-sydney,85302,2023-02-15T10:14:26Z,From Bing to Sydney,Tyler Cowen
2023/02/wednesday-assorted-links-388,85296,2023-02-15T12:54:34Z,Wednesday assorted links,Tyler Cowen
2023/02/solve-for-the-criminal-equilibrium,85305,2023-02-15T14:44:50Z,Solve for the criminal equilibrium,Tyler Cowen
2023/02/jiwa-singapura,85307,2023-02-16T00:26:43Z,Jiwa Singapura,Tyler Cowen
2023/02/thursday-assorted-links-392,85306,2023-02-16T02:34:33Z,Thursday assorted links,Tyler Cowen
2023/02/rightwinggpt,85312,2023-02-16T07:56:56Z,RightWingGPT,Tyler Cowen
2023/02/the-capacity-for-moral-self-correction-in-large-language-models,85308,2023-02-16T10:24:12Z,The Capacity for Moral Self-Correction in Large Language Models,Tyler Cowen
2023/02/new-ai-real-money-prediction-markets-just-dropped,85315,2023-02-16T13:37:18Z,New AI real money prediction markets just dropped,Tyler Cowen
2023/02/has-the-great-awokening-in-scholarship-peaked,85314,2023-02-17T00:04:39Z,Has the Great Awokening in scholarship peaked?,Tyler Cowen
2023/02/democratic-republic-of-congo-growth-estimate-of-the-day,85313,2023-02-17T00:56:17Z,Democratic Republic of Congo growth estimate of the day,Tyler Cowen
2023/02/friday-assorted-links-405,85311,2023-02-17T12:13:32Z,Friday assorted links,Tyler Cowen
2023/02/one-path-for-science-fiction-submissions-from-my-email,85326,2023-02-17T13:45:51Z,One path for science fiction submissions? (from my email),Tyler Cowen
2023/02/ross-douthat-on-chatgpt,85330,2023-02-17T16:20:17Z,Ross Douthat on ChatGPT,Tyler Cowen
2023/02/eugenics-never-quite-went-away,85310,2023-02-18T00:24:13Z,Eugenics never quite went away,Tyler Cowen
2023/02/chinese-charter-city-in-the-marshall-islands,85318,2023-02-18T02:44:57Z,Chinese charter city in the Marshall Islands?,Tyler Cowen
2023/02/saturday-assorted-links-394,85317,2023-02-18T12:37:43Z,Saturday assorted links,Tyler Cowen
2023/02/jamaica-fact-of-the-day,85329,2023-02-18T14:21:18Z,Jamaica fact of the day,Tyler Cowen
2023/02/why-ai-will-not-create-unimaginable-fortunes,85325,2023-02-19T00:35:51Z,Why AI will not create unimaginable fortunes,Tyler Cowen
2023/02/a-prediction-from-big-business,85321,2023-02-19T02:37:39Z,A prediction from *Big Business*,Tyler Cowen
2023/02/sunday-assorted-links-407,85327,2023-02-19T12:28:26Z,Sunday assorted links,Tyler Cowen
2023/02/dei-jobs-under-fire,85333,2023-02-19T15:29:35Z,DEI jobs under fire,Tyler Cowen
2023/02/emergent-ventures-winners-24th-cohort,85322,2023-02-20T00:32:54Z,"Emergent Ventures winners, 24th cohort",Tyler Cowen
2023/02/incentives-matter-edition-4637,85328,2023-02-20T03:31:02Z,"Incentives matter, edition #4637",Tyler Cowen
2023/02/no-respect-for-diversity-of-opinion-or-choice,85336,2023-02-20T07:20:01Z,No Respect for Diversity of Opinion or Choice,Alex Tabarrok
2023/02/monday-assorted-links-394,85331,2023-02-20T11:49:18Z,Monday assorted links,Tyler Cowen
2023/02/why-are-adolescents-so-unhappy,85339,2023-02-20T14:33:44Z,Why are adolescents so unhappy?,Tyler Cowen
2023/02/new-marc-andreessen-substack,85344,2023-02-20T16:57:53Z,New Marc Andreessen Substack,Tyler Cowen
2023/02/david-epstein-responds-on-fossil-future,85347,2023-02-20T17:37:25Z,Alex Epstein responds on *Fossil Future*,Tyler Cowen
2023/02/predictions-from-average-is-over,85319,2023-02-21T00:36:02Z,Predictions from *Average is Over*,Tyler Cowen
2023/02/frank-herberts-dune,85349,2023-02-21T02:57:03Z,"""Frank Herbert's Dune""",Tyler Cowen
2023/02/the-gift-an-analysis,85341,2023-02-21T07:25:06Z,The Gift: An Analysis,Alex Tabarrok
2023/02/uk-fact-of-the-day-5,85334,2023-02-21T12:52:49Z,UK fact of the day,Tyler Cowen
2023/02/tuesday-assorted-links-404,85343,2023-02-21T14:22:52Z,Tuesday assorted links,Tyler Cowen
2023/02/what-ive-been-reading-235,85284,2023-02-22T00:22:44Z,What I've been reading,Tyler Cowen
2023/02/the-arbitrage-insurance-economy-that-is-switzerland,85351,2023-02-22T03:14:37Z,The arbitrage insurance economy that is Switzerland,Tyler Cowen
2023/02/ai-porn,85337,2023-02-22T07:25:25Z,Humans Will Align with the AIs Long Before the AIs Align with Humans,Alex Tabarrok
2023/02/wednesday-assorted-links-389,85340,2023-02-22T12:15:38Z,Wednesday assorted links,Tyler Cowen
2023/02/sustainable-funds-have-peaked,85354,2023-02-22T13:39:40Z,"""Sustainable funds"" have peaked?",Tyler Cowen
2023/02/turkey-facts-of-the-day,85356,2023-02-22T17:01:29Z,Turkey facts of the day,Tyler Cowen
2023/02/the-decline-of-michelin-starred-restaurants,85355,2023-02-23T00:37:49Z,The decline of Michelin-starred restaurants,Tyler Cowen
2023/02/my-conversation-with-brad-delong,85357,2023-02-23T02:14:12Z,My Conversation with Brad DeLong,Tyler Cowen
2023/02/why-not-get-out-really,85361,2023-02-23T12:25:05Z,Why not get out? Really,Tyler Cowen
2023/02/thursday-assorted-links-393,85358,2023-02-23T13:32:21Z,Thursday assorted links,Tyler Cowen
2023/02/brand-new-substack-that-translates-leading-weibo-articles,85367,2023-02-23T15:12:05Z,Brand new Substack that translates leading Weibo articles,Tyler Cowen
2023/02/my-progress-studies-conversation-with-jon-baskin-of-the-point,85359,2023-02-24T00:37:32Z,My Progress Studies conversation with Jon Baskin of The Point,Tyler Cowen
2023/02/which-weapons-in-a-major-conflict-can-be-most-easily-scaled,85360,2023-02-24T03:14:01Z,Which weapons in a major conflict can be most easily scaled?,Tyler Cowen
2023/02/mru-one-million-users,85370,2023-02-24T07:28:36Z,MRU One Million Users!,Alex Tabarrok
2023/02/friday-assorted-links-406,85366,2023-02-24T12:01:24Z,Friday assorted links,Tyler Cowen
2023/02/new-facebook-meta-llms,85374,2023-02-24T13:03:37Z,New Facebook/Meta LLMs - researchers can apply for access,Tyler Cowen
2023/02/advice-for-the-new-world-bank-chief,85373,2023-02-24T14:23:21Z,Advice for the new World Bank chief,Tyler Cowen
2023/02/update-on-the-new-york-times-word-frequency-chart,85365,2023-02-25T00:35:05Z,Update on the New York Times Word Frequency Chart,Tyler Cowen
2023/02/from-my-whatsapp,85364,2023-02-25T03:15:09Z,From my WhatsApp,Tyler Cowen
2023/02/give-cash-proverb-contest,85369,2023-02-25T07:25:04Z,"Give Cash, Proverb Contest",Alex Tabarrok
2023/02/saturday-assorted-links-395,85372,2023-02-25T12:28:15Z,Saturday assorted links,Tyler Cowen
2023/02/the-inflationary-effects-of-sectoral-reallocation,85362,2023-02-26T04:53:02Z,The Inflationary Effects of Sectoral Reallocation,Tyler Cowen
2023/02/sunday-assorted-links-408,85377,2023-02-26T13:25:17Z,Sunday assorted links,Tyler Cowen
2023/02/what-should-i-ask-simon-johnson,85382,2023-02-26T14:36:26Z,What should I ask Simon Johnson?,Tyler Cowen
2023/02/chatgpt-vs-the-experts-department-of-uh-oh,85381,2023-02-27T00:36:43Z,ChatGPT vs. the experts (Department of Uh-Oh),Tyler Cowen
2023/02/willingness-to-pay-for-upper-caste-status,85378,2023-02-27T02:11:49Z,Willingness to pay for upper-caste status,Tyler Cowen
2023/02/the-impacts-of-same-and-opposite-gender-alumni-speakers-on-interest-in-economics,85388,2023-02-27T10:19:25Z,The Impacts of Same and Opposite Gender Alumni Speakers on Interest in Economics,Tyler Cowen
2023/02/monday-assorted-links-395,85380,2023-02-27T11:56:37Z,Monday assorted links,Tyler Cowen
2023/02/the-individualists,85386,2023-02-27T14:14:17Z,*The Individualists*,Tyler Cowen
2023/02/hungary-incentives-of-the-day,85387,2023-02-28T00:32:24Z,Hungary incentives of the day,Tyler Cowen
2023/02/the-soviet-century,85392,2023-02-28T03:13:29Z,*The Soviet Century*,Tyler Cowen
2023/02/britain-long-timeline-of-housing-decline,85391,2023-02-28T07:24:54Z,Britain's Long Timeline of Housing Decline,Alex Tabarrok
2023/02/tuesday-assorted-links-405,85389,2023-02-28T12:34:48Z,Tuesday assorted links,Tyler Cowen
2023/02/cmon-people,85394,2023-02-28T14:54:48Z,C'mon people...,Tyler Cowen
2023/03/is-business-doing-our-saving-for-us,85395,2023-03-01T01:13:12Z,Is business doing our saving for us?,Tyler Cowen
2023/03/a-view-that-hardly-anyone-embraces,85397,2023-03-01T03:05:33Z,A view that hardly anyone embraces,Tyler Cowen
2023/03/matt-yglesias-on-depression-and-political-ideology,85399,2023-03-01T11:43:22Z,Matt Yglesias on depression and political ideology,Tyler Cowen
2023/03/wednesday-assorted-links-390,85396,2023-03-01T13:57:06Z,Wednesday assorted links,Tyler Cowen
2023/03/south-park-commons-the-collectives-model-for-spurring-innovation,85338,2023-03-02T00:39:14Z,South Park Commons - the collectives model for spurring innovation,Tyler Cowen
2023/03/what-predicts-attractiveness,85400,2023-03-02T02:37:35Z,What predicts attractiveness-enhancing behavior?,Tyler Cowen
2023/03/agi-is-coming,85403,2023-03-02T07:25:34Z,AGI is Coming,Alex Tabarrok
2023/03/thursday-assorted-links-394,85401,2023-03-02T12:32:07Z,Thursday assorted links,Tyler Cowen
2023/03/what-young-people-say-is-driving-changes-in-their-mental-health,85402,2023-03-02T14:35:01Z,What young people say is driving changes in their mental health,Tyler Cowen
2023/03/russia-facts-of-the-day,85406,2023-03-03T00:18:04Z,Russia facts of the day,Tyler Cowen
2023/03/the-link-between-iq-and-income-is-overrated,85409,2023-03-03T03:21:12Z,The link between IQ and income is overrated,Tyler Cowen
2023/03/so-what-is-the-right-wing-pathology-then,85412,2023-03-03T09:30:12Z,So what is the right-wing pathology then?,Tyler Cowen
2023/03/friday-assorted-links-407,85408,2023-03-03T11:36:53Z,Friday assorted links,Tyler Cowen
2023/03/what-should-i-ask-david-bentley-hart,85413,2023-03-03T14:38:41Z,What should I ask David Bentley Hart?,Tyler Cowen
2023/03/earnings-are-greater-and-increasing-in-occupations-that-require-intellectual-tenacity,85410,2023-03-04T00:25:54Z,Earnings Are Greater and Increasing in Occupations That Require Intellectual Tenacity,Tyler Cowen
2023/03/home-bias-in-top-economics-journals,85418,2023-03-04T02:54:46Z,Home bias in top economics journals,Tyler Cowen
2023/03/uh-oh-reverse-flynn-effect-edition,85419,2023-03-04T12:03:28Z,"Uh-oh, reverse Flynn effect edition",Tyler Cowen
2023/03/saturday-assorted-links-396,85417,2023-03-04T15:07:32Z,Saturday assorted links,Tyler Cowen
2023/03/dan-wangs-2022-year-in-review,85421,2023-03-05T00:12:35Z,Dan Wang's 2022 year in review,Tyler Cowen
2023/03/dollars-dollars-everywhere,85420,2023-03-05T02:56:52Z,"Dollars, dollars, everywhere...",Tyler Cowen
2023/03/smart-phones,85414,2023-03-05T12:15:45Z,Smart phones and their problems,Tyler Cowen
2023/03/sunday-assorted-links-409,85422,2023-03-05T15:28:48Z,Sunday assorted links,Tyler Cowen
2023/03/is-economics-self-correcting,85425,2023-03-06T00:34:46Z,Is Economics Self-Correcting?,Tyler Cowen
2023/03/semaglutide-ozempic-and-the-end-of-the-great-stagnation,85427,2023-03-06T02:52:09Z,"Semaglutide, Ozempic, and the end of the Great Stagnation",Tyler Cowen
2023/03/who-are-the-individuals-you-admire-most,85431,2023-03-06T08:22:02Z,Who are the individuals you admire most?,Tyler Cowen
2023/03/statement-of-commitment-to-academic-freedom-and-to-intellectual-merit,85432,2023-03-06T11:00:48Z,Statement of Commitment to Academic Freedom and to Intellectual Merit,Alex Tabarrok
2023/03/monday-assorted-links-396,85424,2023-03-06T12:29:01Z,Monday assorted links,Tyler Cowen
2023/03/solenoid,85428,2023-03-06T14:13:15Z,*Solenoid*,Tyler Cowen
2023/03/ethan-mollick-had-a-good-chatgpt-interaction,85426,2023-03-07T00:47:12Z,Ethan Mollick had a good Bing Chat interaction,Tyler Cowen
2023/03/scotland-the-global-history-1603-to-the-present,85435,2023-03-07T03:27:00Z,"*Scotland: The Global History, 1603 to the Present*",Tyler Cowen
2023/03/tuesday-assorted-links-406,85434,2023-03-07T12:26:39Z,Tuesday assorted links,Tyler Cowen
2023/03/will-remote-work-promote-more-family-formation,85439,2023-03-07T14:15:10Z,Will remote work promote more family formation?,Tyler Cowen
2023/03/competing-for-residents-rather-than-businesses,85444,2023-03-08T00:21:53Z,Competing for residents rather than businesses,Tyler Cowen
2023/03/income-and-happiness-revisited,85443,2023-03-08T02:41:57Z,"Income and happiness, revisited",Tyler Cowen
2023/03/the-era-of-planetary-defense-has-begun,85442,2023-03-08T07:21:16Z,The Era of Planetary Defense Has Begun,Alex Tabarrok
2023/03/on-graduate-student-mental-health-from-my-email,85446,2023-03-08T12:52:25Z,On graduate student mental health (from my email),Tyler Cowen
2023/03/wednesday-assorted-links-391,85447,2023-03-08T13:44:11Z,Wednesday assorted links,Tyler Cowen
2023/03/my-conversation-with-yasheng-huang,85453,2023-03-09T00:25:12Z,My Conversation with Yasheng Huang,Tyler Cowen
2023/03/mexico-facts-of-the-day-5,85448,2023-03-09T03:27:41Z,Mexico facts of the day,Tyler Cowen
2023/03/the-collectivization-of-innovation,85440,2023-03-09T07:25:53Z,The Collectivization of Innovation,Alex Tabarrok
2023/03/thursday-assorted-links-395,85438,2023-03-09T11:51:19Z,Thursday assorted links,Tyler Cowen
2023/03/restrictions-on-state-public-health-authorities,85452,2023-03-09T14:02:36Z,Restrictions on state public health authorities,Tyler Cowen
2023/03/scalping-girl-scout-cookies,85454,2023-03-10T00:34:17Z,Scalping Girl Scout cookies?,Tyler Cowen
2023/03/better-predicting-food-crises,85450,2023-03-10T00:46:04Z,Better predicting food crises,Tyler Cowen
2023/03/readtrellis-com,85459,2023-03-10T06:24:40Z,readtrellis.com,Tyler Cowen
2023/03/friday-assorted-links-408,85456,2023-03-10T11:33:35Z,Friday assorted links,Tyler Cowen
2023/03/silicon-valley-bank,85461,2023-03-10T14:21:37Z,Silicon Valley Bank,Tyler Cowen
2023/03/colonialism-a-moral-reckoning,85457,2023-03-11T00:56:33Z,*Colonialism: A Moral Reckoning*,Tyler Cowen
2023/03/which-political-tweets-do-best,85462,2023-03-11T04:47:41Z,Which political tweets do best?,Tyler Cowen
2023/03/saturday-assorted-links-397,85445,2023-03-11T12:45:16Z,Saturday assorted links,Tyler Cowen
2023/03/are-smarter-entities-more-coherent,85463,2023-03-11T15:15:37Z,Are smarter entities more coherent?,Tyler Cowen
2023/03/inflation-is-slightly-underrated,85465,2023-03-12T00:01:47Z,Inflation is slightly underrated,Tyler Cowen
2023/03/what-ive-been-reading-236,85379,2023-03-12T00:54:59Z,What I've been reading,Tyler Cowen
2023/03/tabarrok-on-stranded-technologies-podcast,85460,2023-03-12T07:25:12Z,Tabarrok on Stranded Technologies Podcast,Alex Tabarrok
2023/03/sunday-assorted-links-410,85464,2023-03-12T12:35:33Z,Sunday assorted links,Tyler Cowen
2023/03/that-was-then-this-is-now-42,85467,2023-03-13T01:24:25Z,"That was then, this is now",Tyler Cowen
2023/03/authorities-reinstate-alcohol-ban-for-aboriginal-australians,85469,2023-03-13T02:42:58Z,"""Authorities Reinstate Alcohol Ban for Aboriginal Australians""",Tyler Cowen
2023/03/can-the-svb-crisis-be-solved-in-the-longer-run,85470,2023-03-13T07:54:26Z,Can the SVB crisis be solved in the longer run?,Tyler Cowen
2023/03/monday-assorted-links-397,85468,2023-03-13T12:34:57Z,Monday assorted links,Tyler Cowen
2023/03/sentences-to-ponder-123,85472,2023-03-13T14:32:44Z,Sentences to ponder,Tyler Cowen
2023/03/machine-learning-as-a-tool-for-hypothesis-generation,85471,2023-03-14T00:16:32Z,Machine Learning as a Tool for Hypothesis Generation,Tyler Cowen
2023/03/the-roots-of-misinformation-fears,85474,2023-03-14T02:42:10Z,The roots of misinformation fears?,Tyler Cowen
2023/03/the-impact-of-ai-on-productivity,85477,2023-03-14T07:25:06Z,The Impact of AI on Productivity,Alex Tabarrok
2023/03/tuesday-assorted-links-407,85475,2023-03-14T12:08:11Z,Tuesday assorted links,Tyler Cowen
2023/03/gpt-4,85480,2023-03-14T14:46:06Z,GPT-4,Tyler Cowen
2023/03/ho-hum-via-alex,85483,2023-03-14T21:23:13Z,Ho hum (via Alex),Tyler Cowen
2023/03/a-major-shock-makes-prices-more-flexible-and-may-result-in-a-burst-of-inflation-or-deflation,85473,2023-03-15T00:41:51Z,A Major Shock Makes Prices More Flexible and May Result in a Burst of Inflation or Deflation,Tyler Cowen
2023/03/not-your-grandfathers-crypto,85484,2023-03-15T02:28:11Z,Not your grandfather's crypto?,Tyler Cowen
2023/03/how-good-is-current-stress-testing,85487,2023-03-15T11:57:25Z,How good is current stress testing?,Tyler Cowen
2023/03/wednesday-assorted-links-392,85482,2023-03-15T13:59:22Z,Wednesday assorted links,Tyler Cowen
2023/03/that-was-then-this-is-now-43,85491,2023-03-15T18:28:29Z,"That was then, this is now, hail Nat Friedman edition!",Tyler Cowen
2023/03/why-matt-yglesias-should-be-a-classical-liberal,85485,2023-03-16T00:32:11Z,Why Matt Yglesias should be a classical liberal,Tyler Cowen
2023/03/uk-to-adopt-pharmaceutical-reciprocity,85495,2023-03-16T07:25:26Z,UK to Adopt Pharmaceutical Reciprocity!,Alex Tabarrok
2023/03/thursday-assorted-links-396,85486,2023-03-16T12:14:29Z,Thursday assorted links,Tyler Cowen
2023/03/what-the-new-microsoft-copilot-will-do-for-you,85498,2023-03-16T13:08:17Z,What the new Microsoft Copilot will do for you,Tyler Cowen
2023/03/evading-your-local-monopsonist,85476,2023-03-16T14:39:08Z,Evading your local monopsonist,Tyler Cowen
2023/03/how-will-ai-transform-childhood,85499,2023-03-17T00:33:00Z,How will AI transform childhood?,Tyler Cowen
2023/03/singapore-hawker-centre-in-manhattan,85500,2023-03-17T02:47:48Z,Singaporean hawker centre in Manhattan,Tyler Cowen
2023/03/friday-assorted-links-409,85497,2023-03-17T11:04:59Z,Friday assorted links,Tyler Cowen
2023/03/first-book-written-with-gpt-4,85503,2023-03-17T14:51:26Z,First book written with GPT-4?,Tyler Cowen
2023/03/what-should-i-ask-jonathan-swift,85504,2023-03-17T15:14:25Z,What should I ask Jonathan Swift?,Tyler Cowen
2023/03/steven-pinker-on-existential-risk,85506,2023-03-18T00:35:21Z,Steven Pinker on existential risk,Tyler Cowen
2023/03/what-do-i-think-of-the-economists-israel-petition,85507,2023-03-18T02:47:18Z,What do I think of the economists' Israel petition?,Tyler Cowen
2023/03/teaching-and-learning-economics-with-the-ais,85502,2023-03-18T07:25:29Z,Teaching and Learning Economics with the AIs,Alex Tabarrok
2023/03/saturday-assorted-links-398,85505,2023-03-18T13:43:34Z,Saturday assorted links,Tyler Cowen
2023/03/bailouts-of-insolvent-banks-dont-lead-to-hyperinflation,85508,2023-03-18T15:05:50Z,Bailouts of insolvent banks don't lead to hyperinflation,Tyler Cowen
2023/03/where-are-all-the-indonesians,85490,2023-03-19T00:42:58Z,Where are all the Indonesians?,Tyler Cowen
2023/03/chat-law-goes-global,85510,2023-03-19T07:25:16Z,Chat Law Goes Global,Alex Tabarrok
2023/03/antologia-de-musica-atipica-portuguesa-vol-2-regioes-2019,85511,2023-03-19T12:27:10Z,Antologia De Musica Atipica Portuguesa Vol 2: Regioes (2019),Tyler Cowen
2023/03/sunday-assorted-links-411,85509,2023-03-19T14:20:15Z,Sunday assorted links,Tyler Cowen
2023/03/lots-of-announcements-from-glen-weyl,85515,2023-03-19T15:16:00Z,Lots of announcements from Glen Weyl,Tyler Cowen
2023/03/what-is-the-single-best-way-of-improving-your-gpt-prompts,85519,2023-03-20T00:35:24Z,What is the single best way of improving your GPT prompts?,Tyler Cowen
2023/03/the-economics-of-insuring-quality-and-consistency-in-a-chinese-restaurant,85512,2023-03-20T03:16:43Z,The economics of insuring quality and consistency in a Chinese restaurant,Tyler Cowen
2023/03/the-new-madness-of-crowds,85514,2023-03-20T07:25:11Z,The New Madness of Crowds,Alex Tabarrok
2023/03/monday-assorted-links-398,85517,2023-03-20T12:12:38Z,Monday assorted links,Tyler Cowen
2023/03/indonesia-observations-from-my-email,85518,2023-03-20T14:40:32Z,Indonesia observations (from my email),Tyler Cowen
2023/03/bike-riding-is-falling-in-portland,85530,2023-03-21T00:37:00Z,Bike riding is falling in Portland,Tyler Cowen
2023/03/complexity-and-time,85522,2023-03-21T01:02:52Z,Complexity and time,Tyler Cowen
2023/03/time-passages,85525,2023-03-21T07:25:09Z,Time Passages,Alex Tabarrok
2023/03/tuesday-assorted-links-408,85521,2023-03-21T12:12:21Z,Tuesday assorted links,Tyler Cowen
2023/03/yes-the-chinese-great-firewall-will-be-collapsing,85529,2023-03-21T14:22:55Z,"Yes, the Chinese Great Firewall will be collapsing",Tyler Cowen
2023/03/my-podcast-with-bari-weiss-she-interviews-me,85539,2023-03-21T20:50:41Z,"My podcast with Bari Weiss, she interviews me",Tyler Cowen
2023/03/this-banking-crisis-wont-wreck-the-economy,85536,2023-03-22T00:49:26Z,"""This banking crisis won't wreck the economy""",Tyler Cowen
2023/03/germany-fact-of-the-day-11,85533,2023-03-22T02:07:21Z,Germany fact of the day,Tyler Cowen
2023/03/in-praise-of-the-danish-mortgage-system,85534,2023-03-22T07:22:37Z,In Praise of the Danish Mortgage System,Alex Tabarrok
2023/03/wednesday-assorted-links-393,85532,2023-03-22T12:15:54Z,Wednesday assorted links,Tyler Cowen
2023/03/what-is-the-best-cost-benefit-analysis-of-cycling-investments,85535,2023-03-22T14:07:55Z,What is the best cost-benefit analysis of cycling investments?,Tyler Cowen
2023/03/capabilities-of-gpt-4-on-medical-challenge-problems,85547,2023-03-22T19:43:04Z,Capabilities of GPT-4 on Medical Challenge Problems,Tyler Cowen
2023/03/my-excellent-conversation-with-tom-holland,85546,2023-03-23T00:22:23Z,My excellent Conversation with Tom Holland,Tyler Cowen
2023/03/the-evolution-of-canine-custodianship,85541,2023-03-23T03:17:26Z,The evolution of my canine custodianship,Tyler Cowen
2023/03/banks-as-meme-stocks,85544,2023-03-23T07:28:26Z,"The Great Digital Divide: Panic at Twitter Speed, Respond at AOL Speed",Alex Tabarrok
2023/03/thursday-assorted-links-397,85537,2023-03-23T12:31:28Z,Thursday assorted links,Tyler Cowen
2023/03/regulatory-sentences-to-ponder,85552,2023-03-23T14:16:21Z,Regulatory sentences to ponder,Tyler Cowen
2023/03/do-americans-want-to-ban-tiktok,85550,2023-03-24T00:36:58Z,Do Americans want to ban TikTok?,Tyler Cowen
2023/03/friday-assorted-links-410,85549,2023-03-24T04:20:42Z,Friday assorted links,Tyler Cowen
2023/03/baby-agi-is-here,85555,2023-03-24T07:25:06Z,Baby AGI is Here,Alex Tabarrok
2023/03/end-speed-limits-on-aircraft,85554,2023-03-24T07:25:29Z,End Speed Limits on Aircraft,Alex Tabarrok
2023/03/how-to-make-gpt-worse-at-microeconomics,85543,2023-03-24T13:02:08Z,How to make GPT worse at microeconomics,Tyler Cowen
2023/03/travel-philosophies-for-the-well-traveled,85551,2023-03-25T01:05:30Z,Travel philosophies for the well-traveled,Tyler Cowen
2023/03/what-should-i-ask-kevin-kelly,85563,2023-03-25T08:03:43Z,What should I ask Kevin Kelly?,Tyler Cowen
2023/03/saturday-assorted-links-399,85556,2023-03-25T11:03:18Z,Saturday assorted links,Tyler Cowen
2023/03/are-social-media-making-us-miserable,85565,2023-03-25T13:44:51Z,Are social media making us miserable?,Tyler Cowen
2023/03/new-emergent-ventures-winners-25th-cohort,85564,2023-03-26T01:19:20Z,"New Emergent Ventures winners, 25th cohort",Tyler Cowen
2023/03/lifespans-of-the-european-elite-800-1800,85570,2023-03-26T08:43:55Z,"Lifespans of the European Elite, 800-1800",Tyler Cowen
2023/03/sunday-assorted-links-412,85567,2023-03-26T11:39:01Z,Sunday assorted links,Tyler Cowen
2023/03/cote-divoire-claim-of-the-day,85571,2023-03-26T16:16:51Z,Cote d'Ivoire claim of the day,Tyler Cowen
2023/03/younger-spinoza,85579,2023-03-26T18:18:30Z,(Younger) Spinoza,Tyler Cowen
2023/03/existential-risk-and-the-turn-in-human-history,85568,2023-03-27T00:27:12Z,"Existential risk, AI, and the inevitable turn in human history",Tyler Cowen
2023/03/the-public-choice-outreach-conference-5,85572,2023-03-27T07:25:38Z,The Public Choice Outreach Conference!,Alex Tabarrok
2023/03/nepo-vs-ding,85584,2023-03-27T11:43:33Z,Nepo vs. Ding,Tyler Cowen
2023/03/monday-assorted-links-399,85581,2023-03-27T13:57:56Z,Monday assorted links,Tyler Cowen
2023/03/what-ive-been-reading-237,85531,2023-03-28T00:17:50Z,What I've been reading,Tyler Cowen
2023/03/a-brief-observation-on-agi-risk-and-employee-selection-from-my-email,85587,2023-03-28T02:57:25Z,A brief observation on AGI risk and employee selection (from my email),Tyler Cowen
2023/03/americas-zero-sum-economics-doesnt-add-up,85590,2023-03-28T07:25:55Z,America's Zero-Sum Economics Doesn't Add Up,Alex Tabarrok
2023/03/tuesday-assorted-links-409,85588,2023-03-28T11:49:10Z,Tuesday assorted links,Tyler Cowen
2023/03/regulation-cant-prevent-the-next-financial-crisis,85591,2023-03-28T14:19:37Z,Regulation Can't Prevent the Next Financial Crisis,Tyler Cowen
2023/03/the-permanent-pause,85597,2023-03-28T22:31:07Z,The permanent pause?,Tyler Cowen
2023/03/how-might-ai-impact-developing-economies,85589,2023-03-29T00:58:53Z,How might AI impact developing economies?,Tyler Cowen
2023/03/modeling-the-current-nba,85595,2023-03-29T03:18:35Z,Modeling the current NBA,Tyler Cowen
2023/03/gpt-4-does-the-medical-rounds,85596,2023-03-29T07:25:00Z,GPT-4 Does the Medical Rounds,Alex Tabarrok
2023/03/wednesday-assorted-links-394,85593,2023-03-29T12:32:31Z,Wednesday assorted links,Tyler Cowen
2023/03/ukraine-fact-of-the-day-2,85598,2023-03-29T15:20:34Z,Ukraine fact of the day,Tyler Cowen
2023/03/my-conversation-with-jonathan-gpt-swift,85603,2023-03-30T00:30:39Z,My Conversation with Jonathan GPT Swift,Tyler Cowen
2023/03/the-government-conspiracy-against-crypto,85606,2023-03-30T07:25:50Z,The Government Conspiracy Against Crypto,Alex Tabarrok
2023/03/how-will-ai-change-other-policy-debates,85609,2023-03-30T11:01:03Z,How will AI change *other* policy debates?,Tyler Cowen
2023/03/thursday-assorted-links-398,85607,2023-03-30T12:44:42Z,Thursday assorted links,Tyler Cowen
2023/03/alex-murrell-the-age-of-average,85614,2023-03-31T00:40:31Z,"Alex Murrell, The Age of Average",Tyler Cowen
2023/03/two-forthcoming-biographies,85613,2023-03-31T02:20:13Z,Two forthcoming biographies,Tyler Cowen
2023/03/the-law-of-unintended-consequences,85599,2023-03-31T07:25:48Z,The Law of Unintended Consequences,Alex Tabarrok
2023/03/again-dont-ban-tiktok,85616,2023-03-31T10:00:09Z,"Again, don't ban TikTok",Tyler Cowen
2023/03/friday-assorted-links-411,85612,2023-03-31T12:01:24Z,Friday assorted links,Tyler Cowen
2023/03/the-new-scott-sumner-book,85604,2023-03-31T14:38:13Z,The new Scott Sumner book,Tyler Cowen
