path,id,time,title,author,comments
2004/03/markets_in_ever_3,20006,2004-03-01T02:47:00Z,"Markets in everything, continuedâ€¦",Tyler Cowen,0
2004/03/markets_in_ever_3,19937,2004-03-17T06:33:00Z,"Markets in everything, the ongoing saga",Tyler Cowen,0
2007/10/assorted-links,14484,2007-10-01T19:43:00Z,Assorted links from out there,Tyler Cowen,4
2007/10/assorted-links,14458,2007-10-04T17:53:00Z,Assorted links,Tyler Cowen,5
2009/10/assorted-links,10769,2009-10-02T06:50:36Z,Assorted links,Tyler Cowen,2
2009/10/assorted-links,10667,2009-10-19T10:58:18Z,Assorted links,Tyler Cowen,10
2009/11/assorted-links,10592,2009-11-02T13:32:00Z,Assorted links,Tyler Cowen,17
2009/11/assorted-links,10469,2009-11-27T06:08:00Z,Assorted links,Tyler Cowen,7
2009/12/assorted-links-26,10447,2009-12-01T11:48:00Z,Assorted links,Tyler Cowen,4
2009/12/assorted-links-26,10299,2009-12-30T11:48:00Z,Assorted links,Tyler Cowen,14
2010/09/what-ive-been-reading,8920,2010-09-01T06:18:53Z,What I've been reading,Tyler Cowen,8
2010/09/what-ive-been-reading,8872,2010-09-10T07:34:14Z,What I've been reading,Tyler Cowen,5
2010/10/markets-in-everything,8723,2010-10-07T11:19:12Z,Markets in Everything,Alex Tabarrok,16
2010/10/markets-in-everything,8698,2010-10-11T14:11:00Z,Markets in everything,Tyler Cowen,16
2010/11/assorted-links-30,8583,2010-11-01T14:30:00Z,Assorted links,Tyler Cowen,16
2010/11/assorted-links-30,8418,2010-11-30T11:26:00Z,Assorted links,Tyler Cowen,8
2011/01/assorted-links-29,8233,2011-01-01T12:10:00Z,Assorted links,Tyler Cowen,4
2011/01/assorted-links-29,8071,2011-01-29T12:11:00Z,Assorted links,Tyler Cowen,10
2011/02/assorted-links,8048,2011-02-02T12:18:00Z,Assorted links,Tyler Cowen,8
2011/02/assorted-links,7945,2011-02-19T07:32:39Z,Assorted links,Tyler Cowen,4
